hlp17umm00798_05794,madc0798_5794,anatomy/vasc_3dasl
hlp17umm00799_05795,madc0799_5795,anatomy/vasc_3dasl
hlp17umm01040_05745,madc1040_5745,anatomy/vasc_3dasl
hlp17umm01182_05506,madc1182_5506,anatomy/vasc_3dasl
hlp17umm01220_03783,madc1220_3783,vasc_3dasl
hlp17umm01243_04201,madc1243_4201,vasc_3dasl
hlp17umm01246_05153,madc1246_5153,anatomy/vasc_3dasl
hlp17umm01252_05187,madc1252_5187,anatomy/vasc_3dasl
hlp17umm01263_03874,madc1263_3874,vasc_3dasl
hlp17umm01276_03938,madc1276_3938,vasc_3dasl
hlp17umm01299_05225,madc1299_5225,anatomy/vasc_3dasl
hlp17umm01307_05883,madc1307_5883,anatomy/vasc_3dasl
hlp17umm01320_05807,madc1320_5807,anatomy/vasc_3dasl
hlp17umm01348_05194,madc1348_5194,anatomy/vasc_3dasl
hlp17umm01350_05521,madc1350_5521,anatomy/vasc_3dasl
hlp17umm01371_05133,madc1371_5133,anatomy/vasc_3dasl
hlp17umm01373_05314,madc1373_5314,anatomy/vasc_3dasl
hlp17umm01384_05358,madc1384_5358,anatomy/vasc_3dasl
hlp17umm01387_05556,madc1387_5556,anatomy/vasc_3dasl
hlp17umm01389_03696,madc1389_3696,vasc_3dasl
hlp17umm01395_05848,madc1395_5848,anatomy/vasc_3dasl
hlp17umm01416_05640,madc1416_5640,anatomy/vasc_3dasl
hlp17umm01417_05641,madc1417_5641,anatomy/vasc_3dasl
hlp17umm01435_05392,madc1435_5392,anatomy/vasc_3dasl
hlp17umm01446_04476,madc1446_4476,vasc_3dasl
hlp17umm01447_04475,madc1447_4475,vasc_3dasl
hlp17umm01458_04524,madc1458_4524,vasc_3dasl
hlp17umm01462_04510,madc1462_4510,vasc_3dasl
hlp17umm01476_05633,madc1476_5633,anatomy/vasc_3dasl
hlp17umm01477_05635,madc1477_5635,anatomy/vasc_3dasl
hlp17umm01483_05200,madc1483_5200,anatomy/vasc_3dasl
hlp17umm01487_04682,madc1487_4682,vasc_3dasl
hlp17umm01492_05182,madc1492_5182,anatomy/vasc_3dasl
hlp17umm01500_05193,madc1500_5193,anatomy/vasc_3dasl
hlp17umm01508_05049,madc1508_5049,anatomy/vasc_3dasl
hlp17umm01511_05424,madc1511_5424,anatomy/vasc_3dasl
hlp17umm01513_05315,madc1513_5315,anatomy/vasc_3dasl
hlp17umm01519_05232,madc1519_5232,anatomy/vasc_3dasl
hlp17umm01530_05703,madc1530_5703,anatomy/vasc_3dasl
hlp17umm01531_05159,madc1531_5159,anatomy/vasc_3dasl
hlp17umm01532_05160,madc1532_5160,anatomy/vasc_3dasl
hlp17umm01535_05853,madc1535_5853,anatomy/vasc_3dasl
hlp17umm01537_05308,madc1537_5308,anatomy/vasc_3dasl
hlp17umm01539_05154,madc1539_5154,anatomy/vasc_3dasl
hlp17umm01543_05181,madc1543_5181,anatomy/vasc_3dasl
hlp17umm01544_05549,madc1544_5549,anatomy/vasc_3dasl
hlp17umm01545_05550,madc1545_5550,anatomy/vasc_3dasl
hlp17umm01546_05697,madc1546_5697,anatomy/vasc_3dasl
hlp17umm01549_05224,madc1549_5224,anatomy/vasc_3dasl
hlp17umm01550_05702,madc1550_5702,anatomy/vasc_3dasl
hlp17umm01550_05786,madc1550_5786,anatomy/vasc_3dasl
hlp17umm01555_05471,madc1555_5471,anatomy/vasc_3dasl
hlp17umm01556_05503,madc1556_5503,anatomy/vasc_3dasl
hlp17umm01557_05890,madc1557_5890,anatomy/vasc_3dasl
hlp17umm01561_05696,madc1561_5696,anatomy/vasc_3dasl
hlp17umm01564_05806,madc1564_5806,anatomy/vasc_3dasl
hlp17umm01565_05522,madc1565_5522,anatomy/vasc_3dasl
hlp17umm01572_05785,madc1572_5785,anatomy/vasc_3dasl
hlp17umm01575_05746,madc1575_5746,anatomy/vasc_3dasl
hlp17umm01588_05891,madc1588_5891,anatomy/vasc_3dasl
hlp17umm01595_05847,madc1595_5847,anatomy/vasc_3dasl
